{
  "deny": {
    "precision": 0.6666666666666666,
    "recall": 0.5,
    "f1-score": 0.5714285714285715,
    "support": 4,
    "confused_with": {
      "challenge": 2
    }
  },
  "greet": {
    "precision": 1.0,
    "recall": 0.75,
    "f1-score": 0.8571428571428571,
    "support": 4,
    "confused_with": {
      "out_of_scope": 1
    }
  },
  "pay": {
    "precision": 1.0,
    "recall": 0.75,
    "f1-score": 0.8571428571428571,
    "support": 4,
    "confused_with": {
      "pay_more": 1
    }
  },
  "pay_more": {
    "precision": 0.6666666666666666,
    "recall": 1.0,
    "f1-score": 0.8,
    "support": 2,
    "confused_with": {}
  },
  "challenge": {
    "precision": 0.25,
    "recall": 0.25,
    "f1-score": 0.25,
    "support": 4,
    "confused_with": {
      "out_of_scope": 2,
      "deny": 1
    }
  },
  "out_of_scope": {
    "precision": 0.90625,
    "recall": 0.9666666666666667,
    "f1-score": 0.9354838709677419,
    "support": 30,
    "confused_with": {
      "challenge": 1
    }
  },
  "request_taxes": {
    "precision": 1.0,
    "recall": 1.0,
    "f1-score": 1.0,
    "support": 3,
    "confused_with": {}
  },
  "pay_less": {
    "precision": 1.0,
    "recall": 1.0,
    "f1-score": 1.0,
    "support": 2,
    "confused_with": {}
  },
  "accuracy": 0.8490566037735849,
  "macro avg": {
    "precision": 0.8111979166666666,
    "recall": 0.7770833333333333,
    "f1-score": 0.7838997695852534,
    "support": 53
  },
  "weighted avg": {
    "precision": 0.8525943396226415,
    "recall": 0.8490566037735849,
    "f1-score": 0.8454221372054604,
    "support": 53
  },
  "micro avg": {
    "precision": 0.8490566037735849,
    "recall": 0.8490566037735849,
    "f1-score": 0.8490566037735849,
    "support": 53
  }
}