{
  "deny": {
    "precision": 0.8,
    "recall": 1.0,
    "f1-score": 0.888888888888889,
    "support": 4,
    "confused_with": {}
  },
  "greet": {
    "precision": 1.0,
    "recall": 0.75,
    "f1-score": 0.8571428571428571,
    "support": 4,
    "confused_with": {
      "out_of_scope": 1
    }
  },
  "pay": {
    "precision": 0.6666666666666666,
    "recall": 1.0,
    "f1-score": 0.8,
    "support": 4,
    "confused_with": {}
  },
  "pay_more": {
    "precision": 1.0,
    "recall": 0.5,
    "f1-score": 0.6666666666666666,
    "support": 2,
    "confused_with": {
      "pay": 1
    }
  },
  "challenge": {
    "precision": 0.0,
    "recall": 0.0,
    "f1-score": 0.0,
    "support": 4,
    "confused_with": {
      "pay_less": 2,
      "out_of_scope": 1,
      "deny": 1
    }
  },
  "out_of_scope": {
    "precision": 0.9375,
    "recall": 1.0,
    "f1-score": 0.967741935483871,
    "support": 30,
    "confused_with": {}
  },
  "request_taxes": {
    "precision": 1.0,
    "recall": 1.0,
    "f1-score": 1.0,
    "support": 3,
    "confused_with": {}
  },
  "pay_less": {
    "precision": 0.3333333333333333,
    "recall": 0.5,
    "f1-score": 0.4,
    "support": 2,
    "confused_with": {
      "pay": 1
    }
  },
  "accuracy": 0.8679245283018868,
  "macro avg": {
    "precision": 0.7171875,
    "recall": 0.71875,
    "f1-score": 0.6975550435227855,
    "support": 53
  },
  "weighted avg": {
    "precision": 0.8237421383647798,
    "recall": 0.8679245283018868,
    "f1-score": 0.8367871392825744,
    "support": 53
  },
  "micro avg": {
    "precision": 0.8679245283018868,
    "recall": 0.8679245283018868,
    "f1-score": 0.8679245283018868,
    "support": 53
  }
}