{
  "amount": {
    "precision": 0.8333333333333334,
    "recall": 1.0,
    "f1-score": 0.9090909090909091,
    "support": 5,
    "confused_with": {}
  },
  "micro avg": {
    "precision": 0.8333333333333334,
    "recall": 1.0,
    "f1-score": 0.9090909090909091,
    "support": 5
  },
  "macro avg": {
    "precision": 0.8333333333333334,
    "recall": 1.0,
    "f1-score": 0.9090909090909091,
    "support": 5
  },
  "weighted avg": {
    "precision": 0.8333333333333334,
    "recall": 1.0,
    "f1-score": 0.909090909090909,
    "support": 5
  },
  "accuracy": 0.9961977186311787
}