{
  "deny": {
    "precision": 0.6666666666666666,
    "recall": 0.5,
    "f1-score": 0.5714285714285715,
    "support": 4,
    "confused_with": {
      "out_of_scope": 1,
      "challenge": 1
    }
  },
  "greet": {
    "precision": 1.0,
    "recall": 0.25,
    "f1-score": 0.4,
    "support": 4,
    "confused_with": {
      "out_of_scope": 3
    }
  },
  "pay": {
    "precision": 0.6,
    "recall": 0.75,
    "f1-score": 0.6666666666666665,
    "support": 4,
    "confused_with": {
      "challenge": 1
    }
  },
  "pay_more": {
    "precision": 0.0,
    "recall": 0.0,
    "f1-score": 0.0,
    "support": 2,
    "confused_with": {
      "pay": 1,
      "out_of_scope": 1
    }
  },
  "challenge": {
    "precision": 0.4,
    "recall": 0.5,
    "f1-score": 0.4444444444444445,
    "support": 4,
    "confused_with": {
      "out_of_scope": 1,
      "deny": 1
    }
  },
  "out_of_scope": {
    "precision": 0.8055555555555556,
    "recall": 0.9666666666666667,
    "f1-score": 0.8787878787878789,
    "support": 30,
    "confused_with": {
      "challenge": 1
    }
  },
  "request_taxes": {
    "precision": 1.0,
    "recall": 1.0,
    "f1-score": 1.0,
    "support": 3,
    "confused_with": {}
  },
  "pay_less": {
    "precision": 0.0,
    "recall": 0.0,
    "f1-score": 0.0,
    "support": 2,
    "confused_with": {
      "pay": 1,
      "out_of_scope": 1
    }
  },
  "accuracy": 0.7547169811320755,
  "macro avg": {
    "precision": 0.5590277777777778,
    "recall": 0.49583333333333335,
    "f1-score": 0.4951659451659452,
    "support": 53
  },
  "weighted avg": {
    "precision": 0.7138364779874214,
    "recall": 0.7547169811320755,
    "f1-score": 0.7112036810150018,
    "support": 53
  },
  "micro avg": {
    "precision": 0.7547169811320755,
    "recall": 0.7547169811320755,
    "f1-score": 0.7547169811320755,
    "support": 53
  }
}