{
  "deny": {
    "precision": 0.75,
    "recall": 0.75,
    "f1-score": 0.75,
    "support": 4,
    "confused_with": {
      "challenge": 1
    }
  },
  "greet": {
    "precision": 1.0,
    "recall": 0.75,
    "f1-score": 0.8571428571428571,
    "support": 4,
    "confused_with": {
      "out_of_scope": 1
    }
  },
  "pay": {
    "precision": 0.6666666666666666,
    "recall": 1.0,
    "f1-score": 0.8,
    "support": 4,
    "confused_with": {}
  },
  "pay_more": {
    "precision": 1.0,
    "recall": 1.0,
    "f1-score": 1.0,
    "support": 2,
    "confused_with": {}
  },
  "challenge": {
    "precision": 0.6666666666666666,
    "recall": 0.5,
    "f1-score": 0.5714285714285715,
    "support": 4,
    "confused_with": {
      "out_of_scope": 1,
      "deny": 1
    }
  },
  "out_of_scope": {
    "precision": 0.9354838709677419,
    "recall": 0.9666666666666667,
    "f1-score": 0.9508196721311476,
    "support": 30,
    "confused_with": {
      "pay": 1
    }
  },
  "request_taxes": {
    "precision": 1.0,
    "recall": 1.0,
    "f1-score": 1.0,
    "support": 3,
    "confused_with": {}
  },
  "pay_less": {
    "precision": 1.0,
    "recall": 0.5,
    "f1-score": 0.6666666666666666,
    "support": 2,
    "confused_with": {
      "pay": 1
    }
  },
  "accuracy": 0.8867924528301887,
  "macro avg": {
    "precision": 0.8773521505376344,
    "recall": 0.8083333333333333,
    "f1-score": 0.8245072209211554,
    "support": 53
  },
  "weighted avg": {
    "precision": 0.8942990464597281,
    "recall": 0.8867924528301887,
    "f1-score": 0.8824945134255372,
    "support": 53
  },
  "micro avg": {
    "precision": 0.8867924528301887,
    "recall": 0.8867924528301887,
    "f1-score": 0.8867924528301887,
    "support": 53
  }
}