{
  "deny": {
    "precision": 1.0,
    "recall": 0.25,
    "f1-score": 0.4,
    "support": 4,
    "confused_with": {
      "out_of_scope": 2,
      "pay": 1
    }
  },
  "greet": {
    "precision": 1.0,
    "recall": 0.25,
    "f1-score": 0.4,
    "support": 4,
    "confused_with": {
      "out_of_scope": 3
    }
  },
  "pay": {
    "precision": 0.3333333333333333,
    "recall": 0.5,
    "f1-score": 0.4,
    "support": 4,
    "confused_with": {
      "pay_more": 1,
      "out_of_scope": 1
    }
  },
  "pay_more": {
    "precision": 0.0,
    "recall": 0.0,
    "f1-score": 0.0,
    "support": 2,
    "confused_with": {
      "pay": 2
    }
  },
  "challenge": {
    "precision": 0.6,
    "recall": 0.75,
    "f1-score": 0.6666666666666665,
    "support": 4,
    "confused_with": {
      "out_of_scope": 1
    }
  },
  "out_of_scope": {
    "precision": 0.7777777777777778,
    "recall": 0.9333333333333333,
    "f1-score": 0.8484848484848485,
    "support": 30,
    "confused_with": {
      "pay": 1,
      "challenge": 1
    }
  },
  "request_taxes": {
    "precision": 1.0,
    "recall": 0.3333333333333333,
    "f1-score": 0.5,
    "support": 3,
    "confused_with": {
      "out_of_scope": 1,
      "challenge": 1
    }
  },
  "pay_less": {
    "precision": 1.0,
    "recall": 1.0,
    "f1-score": 1.0,
    "support": 2,
    "confused_with": {}
  },
  "accuracy": 0.7169811320754716,
  "macro avg": {
    "precision": 0.7138888888888889,
    "recall": 0.5020833333333333,
    "f1-score": 0.5268939393939394,
    "support": 53
  },
  "weighted avg": {
    "precision": 0.7559748427672955,
    "recall": 0.7169811320754716,
    "f1-score": 0.6871926815323042,
    "support": 53
  },
  "micro avg": {
    "precision": 0.7169811320754716,
    "recall": 0.7169811320754716,
    "f1-score": 0.7169811320754716,
    "support": 53
  }
}