{
  "deny": {
    "precision": 0.8,
    "recall": 1.0,
    "f1-score": 0.888888888888889,
    "support": 4,
    "confused_with": {}
  },
  "greet": {
    "precision": 1.0,
    "recall": 0.75,
    "f1-score": 0.8571428571428571,
    "support": 4,
    "confused_with": {
      "out_of_scope": 1
    }
  },
  "pay": {
    "precision": 0.8,
    "recall": 1.0,
    "f1-score": 0.888888888888889,
    "support": 4,
    "confused_with": {}
  },
  "pay_more": {
    "precision": 1.0,
    "recall": 0.5,
    "f1-score": 0.6666666666666666,
    "support": 2,
    "confused_with": {
      "pay": 1
    }
  },
  "challenge": {
    "precision": 1.0,
    "recall": 0.5,
    "f1-score": 0.6666666666666666,
    "support": 4,
    "confused_with": {
      "out_of_scope": 1,
      "deny": 1
    }
  },
  "out_of_scope": {
    "precision": 0.9375,
    "recall": 1.0,
    "f1-score": 0.967741935483871,
    "support": 30,
    "confused_with": {}
  },
  "request_taxes": {
    "precision": 1.0,
    "recall": 1.0,
    "f1-score": 1.0,
    "support": 3,
    "confused_with": {}
  },
  "pay_less": {
    "precision": 1.0,
    "recall": 1.0,
    "f1-score": 1.0,
    "support": 2,
    "confused_with": {}
  },
  "accuracy": 0.9245283018867925,
  "macro avg": {
    "precision": 0.9421875,
    "recall": 0.84375,
    "f1-score": 0.8669994879672298,
    "support": 53
  },
  "weighted avg": {
    "precision": 0.9344339622641509,
    "recall": 0.9245283018867925,
    "f1-score": 0.9164517095131826,
    "support": 53
  },
  "micro avg": {
    "precision": 0.9245283018867925,
    "recall": 0.9245283018867925,
    "f1-score": 0.9245283018867925,
    "support": 53
  }
}