{
  "deny": {
    "precision": 0.6666666666666666,
    "recall": 0.5,
    "f1-score": 0.5714285714285715,
    "support": 4,
    "confused_with": {
      "out_of_scope": 1,
      "challenge": 1
    }
  },
  "greet": {
    "precision": 1.0,
    "recall": 0.5,
    "f1-score": 0.6666666666666666,
    "support": 4,
    "confused_with": {
      "out_of_scope": 2
    }
  },
  "pay": {
    "precision": 0.75,
    "recall": 0.75,
    "f1-score": 0.75,
    "support": 4,
    "confused_with": {
      "pay_more": 1
    }
  },
  "pay_more": {
    "precision": 0.5,
    "recall": 0.5,
    "f1-score": 0.5,
    "support": 2,
    "confused_with": {
      "pay": 1
    }
  },
  "challenge": {
    "precision": 0.25,
    "recall": 0.25,
    "f1-score": 0.25,
    "support": 4,
    "confused_with": {
      "out_of_scope": 2,
      "deny": 1
    }
  },
  "out_of_scope": {
    "precision": 0.8484848484848485,
    "recall": 0.9333333333333333,
    "f1-score": 0.888888888888889,
    "support": 30,
    "confused_with": {
      "challenge": 2
    }
  },
  "request_taxes": {
    "precision": 1.0,
    "recall": 1.0,
    "f1-score": 1.0,
    "support": 3,
    "confused_with": {}
  },
  "pay_less": {
    "precision": 1.0,
    "recall": 1.0,
    "f1-score": 1.0,
    "support": 2,
    "confused_with": {}
  },
  "accuracy": 0.7924528301886793,
  "macro avg": {
    "precision": 0.7518939393939394,
    "recall": 0.6791666666666667,
    "f1-score": 0.7033730158730158,
    "support": 53
  },
  "weighted avg": {
    "precision": 0.794739851343625,
    "recall": 0.7924528301886793,
    "f1-score": 0.7852650494159928,
    "support": 53
  },
  "micro avg": {
    "precision": 0.7924528301886793,
    "recall": 0.7924528301886793,
    "f1-score": 0.7924528301886793,
    "support": 53
  }
}