{
  "deny": {
    "precision": 0.5,
    "recall": 0.25,
    "f1-score": 0.3333333333333333,
    "support": 4,
    "confused_with": {
      "request_taxes": 1,
      "out_of_scope": 1
    }
  },
  "greet": {
    "precision": 1.0,
    "recall": 0.5,
    "f1-score": 0.6666666666666666,
    "support": 4,
    "confused_with": {
      "out_of_scope": 2
    }
  },
  "pay": {
    "precision": 0.6666666666666666,
    "recall": 0.5,
    "f1-score": 0.5714285714285715,
    "support": 4,
    "confused_with": {
      "out_of_scope": 1,
      "deny": 1
    }
  },
  "pay_more": {
    "precision": 1.0,
    "recall": 0.5,
    "f1-score": 0.6666666666666666,
    "support": 2,
    "confused_with": {
      "pay": 1
    }
  },
  "challenge": {
    "precision": 0.0,
    "recall": 0.0,
    "f1-score": 0.0,
    "support": 4,
    "confused_with": {
      "out_of_scope": 3,
      "request_taxes": 1
    }
  },
  "out_of_scope": {
    "precision": 0.8,
    "recall": 0.9333333333333333,
    "f1-score": 0.8615384615384616,
    "support": 30,
    "confused_with": {
      "challenge": 2
    }
  },
  "request_taxes": {
    "precision": 0.6,
    "recall": 1.0,
    "f1-score": 0.7499999999999999,
    "support": 3,
    "confused_with": {}
  },
  "pay_less": {
    "precision": 1.0,
    "recall": 1.0,
    "f1-score": 1.0,
    "support": 2,
    "confused_with": {}
  },
  "accuracy": 0.7358490566037735,
  "macro avg": {
    "precision": 0.6958333333333333,
    "recall": 0.5854166666666667,
    "f1-score": 0.6062042124542124,
    "support": 53
  },
  "weighted avg": {
    "precision": 0.7257861635220126,
    "recall": 0.7358490566037735,
    "f1-score": 0.711607574815122,
    "support": 53
  },
  "micro avg": {
    "precision": 0.7358490566037735,
    "recall": 0.7358490566037735,
    "f1-score": 0.7358490566037735,
    "support": 53
  }
}