{
  "deny": {
    "precision": 1.0,
    "recall": 1.0,
    "f1-score": 1.0,
    "support": 4,
    "confused_with": {}
  },
  "greet": {
    "precision": 1.0,
    "recall": 0.75,
    "f1-score": 0.8571428571428571,
    "support": 4,
    "confused_with": {
      "out_of_scope": 1
    }
  },
  "pay": {
    "precision": 1.0,
    "recall": 1.0,
    "f1-score": 1.0,
    "support": 4,
    "confused_with": {}
  },
  "pay_more": {
    "precision": 1.0,
    "recall": 1.0,
    "f1-score": 1.0,
    "support": 2,
    "confused_with": {}
  },
  "challenge": {
    "precision": 1.0,
    "recall": 0.75,
    "f1-score": 0.8571428571428571,
    "support": 4,
    "confused_with": {
      "out_of_scope": 1
    }
  },
  "out_of_scope": {
    "precision": 0.9090909090909091,
    "recall": 1.0,
    "f1-score": 0.9523809523809523,
    "support": 30,
    "confused_with": {}
  },
  "request_taxes": {
    "precision": 1.0,
    "recall": 0.6666666666666666,
    "f1-score": 0.8,
    "support": 3,
    "confused_with": {
      "out_of_scope": 1
    }
  },
  "pay_less": {
    "precision": 1.0,
    "recall": 1.0,
    "f1-score": 1.0,
    "support": 2,
    "confused_with": {}
  },
  "accuracy": 0.9433962264150944,
  "macro avg": {
    "precision": 0.9886363636363636,
    "recall": 0.8958333333333333,
    "f1-score": 0.9333333333333333,
    "support": 53
  },
  "weighted avg": {
    "precision": 0.9485420240137221,
    "recall": 0.9433962264150944,
    "f1-score": 0.9401617250673855,
    "support": 53
  },
  "micro avg": {
    "precision": 0.9433962264150944,
    "recall": 0.9433962264150944,
    "f1-score": 0.9433962264150944,
    "support": 53
  }
}