{
  "BERT": [
    [
      0.9821776663881928,
      0.9635244760352613,
      0.9275316351141507,
      0.9440312986473469
    ],
    [
      0.9813468096470686,
      0.9418079248299961,
      0.9283854798286038,
      0.9223660243504938
    ],
    [
      0.9430799220272904,
      0.9470899470899472,
      0.904093567251462,
      0.8858302404462888
    ]
  ],
  "GPT": [
    [
      0.9239766081871345,
      0.8156545209176786,
      0.8334815533457298,
      0.8385484784758832
    ],
    [
      0.9264361620898124,
      0.8718642484347068,
      0.8165456375982691,
      0.7995300751879699
    ],
    [
      0.8873851294903927,
      0.905884783643697,
      0.8490716773719361,
      0.8438066605035751
    ]
  ],
  "XLNet": [
    [
      0.8589807852965747,
      0.9064417315690659,
      0.7768446617454383,
      0.8274172020088536
    ],
    [
      0.907825118351434,
      0.8297445001392368,
      0.6942131448023041,
      0.6271364686225368
    ],
    [
      0.8713355894444207,
      0.8431120536383694,
      0.8504731774792171,
      0.7755534670008354
    ]
  ],
  "Without_LLM": [
    [
      0.8447382824878288,
      0.8576441102756892,
      0.7437010605610072,
      0.8126500461680518
    ],
    [
      0.9287243609935586,
      0.8579362796791615,
      0.8459661699050494,
      0.7177747235472195
    ],
    [
      0.8690058479532163,
      0.8916736285157338,
      0.8067390698969644,
      0.7559454191033138
    ]
  ]
}