{
  "BERT": [
    [
      0.9164517095131826,
      0.8887787535383397,
      0.9356191249070129,
      0.8996802210435808
    ],
    [
      0.919746109033997,
      0.8936904037330088,
      0.8824945134255372,
      0.8780522292430737
    ],
    [
      0.9640094597804423,
      0.9808325846061696,
      0.9793999381379523,
      0.9401067365805998
    ]
  ],
  "GPT": [
    [
      0.801219744615971,
      0.8367871392825744,
      0.8327044025157231,
      0.7232516661973152
    ],
    [
      0.8454221372054604,
      0.7852650494159928,
      0.7590259003806792,
      0.6608127721335268
    ],
    [
      0.9020858089634718,
      0.9198060072071027,
      0.9401617250673855,
      0.6871926815323042
    ]
  ],
  "XLNet": [
    [
      0.8319450482566733,
      0.7973230124173519,
      0.7112036810150018,
      0.6590704892591686
    ],
    [
      0.8597976987508332,
      0.711607574815122,
      0.648368221784161,
      0.6227970658835204
    ],
    [
      0.8777524362430021,
      0.8972746331236897,
      0.839656334231806,
      0.70201747937597
    ]
  ]
}