{
  "deny": {
    "precision": 0.6,
    "recall": 0.75,
    "f1-score": 0.6666666666666665,
    "support": 4,
    "confused_with": {
      "out_of_scope": 1
    }
  },
  "greet": {
    "precision": 1.0,
    "recall": 0.5,
    "f1-score": 0.6666666666666666,
    "support": 4,
    "confused_with": {
      "out_of_scope": 2
    }
  },
  "pay": {
    "precision": 0.8,
    "recall": 1.0,
    "f1-score": 0.888888888888889,
    "support": 4,
    "confused_with": {}
  },
  "pay_more": {
    "precision": 0.0,
    "recall": 0.0,
    "f1-score": 0.0,
    "support": 2,
    "confused_with": {
      "pay": 1,
      "out_of_scope": 1
    }
  },
  "challenge": {
    "precision": 1.0,
    "recall": 0.25,
    "f1-score": 0.4,
    "support": 4,
    "confused_with": {
      "out_of_scope": 2,
      "deny": 1
    }
  },
  "out_of_scope": {
    "precision": 0.8285714285714286,
    "recall": 0.9666666666666667,
    "f1-score": 0.8923076923076922,
    "support": 30,
    "confused_with": {
      "deny": 1
    }
  },
  "request_taxes": {
    "precision": 1.0,
    "recall": 1.0,
    "f1-score": 1.0,
    "support": 3,
    "confused_with": {}
  },
  "pay_less": {
    "precision": 1.0,
    "recall": 1.0,
    "f1-score": 1.0,
    "support": 2,
    "confused_with": {}
  },
  "accuracy": 0.8301886792452831,
  "macro avg": {
    "precision": 0.7785714285714287,
    "recall": 0.6833333333333333,
    "f1-score": 0.6893162393162393,
    "support": 53
  },
  "weighted avg": {
    "precision": 0.819946091644205,
    "recall": 0.8301886792452831,
    "f1-score": 0.7973230124173519,
    "support": 53
  },
  "micro avg": {
    "precision": 0.8301886792452831,
    "recall": 0.8301886792452831,
    "f1-score": 0.8301886792452831,
    "support": 53
  }
}