{
  "deny": {
    "precision": 0.75,
    "recall": 0.75,
    "f1-score": 0.75,
    "support": 4,
    "confused_with": {
      "challenge": 1
    }
  },
  "greet": {
    "precision": 1.0,
    "recall": 0.75,
    "f1-score": 0.8571428571428571,
    "support": 4,
    "confused_with": {
      "out_of_scope": 1
    }
  },
  "pay": {
    "precision": 1.0,
    "recall": 1.0,
    "f1-score": 1.0,
    "support": 4,
    "confused_with": {}
  },
  "pay_more": {
    "precision": 1.0,
    "recall": 0.5,
    "f1-score": 0.6666666666666666,
    "support": 2,
    "confused_with": {
      "pay_less": 1
    }
  },
  "challenge": {
    "precision": 0.3333333333333333,
    "recall": 0.25,
    "f1-score": 0.28571428571428575,
    "support": 4,
    "confused_with": {
      "out_of_scope": 2,
      "deny": 1
    }
  },
  "out_of_scope": {
    "precision": 0.90625,
    "recall": 0.9666666666666667,
    "f1-score": 0.9354838709677419,
    "support": 30,
    "confused_with": {
      "challenge": 1
    }
  },
  "request_taxes": {
    "precision": 1.0,
    "recall": 1.0,
    "f1-score": 1.0,
    "support": 3,
    "confused_with": {}
  },
  "pay_less": {
    "precision": 0.6666666666666666,
    "recall": 1.0,
    "f1-score": 0.8,
    "support": 2,
    "confused_with": {}
  },
  "accuracy": 0.8679245283018868,
  "macro avg": {
    "precision": 0.83203125,
    "recall": 0.7770833333333333,
    "f1-score": 0.7868759600614439,
    "support": 53
  },
  "weighted avg": {
    "precision": 0.8651729559748427,
    "recall": 0.8679245283018868,
    "f1-score": 0.8597976987508332,
    "support": 53
  },
  "micro avg": {
    "precision": 0.8679245283018868,
    "recall": 0.8679245283018868,
    "f1-score": 0.8679245283018868,
    "support": 53
  }
}