{
  "deny": {
    "precision": 1.0,
    "recall": 0.75,
    "f1-score": 0.8571428571428571,
    "support": 4,
    "confused_with": {
      "pay_less": 1
    }
  },
  "greet": {
    "precision": 1.0,
    "recall": 0.5,
    "f1-score": 0.6666666666666666,
    "support": 4,
    "confused_with": {
      "out_of_scope": 2
    }
  },
  "pay": {
    "precision": 0.6,
    "recall": 0.75,
    "f1-score": 0.6666666666666665,
    "support": 4,
    "confused_with": {
      "challenge": 1
    }
  },
  "pay_more": {
    "precision": 0.0,
    "recall": 0.0,
    "f1-score": 0.0,
    "support": 2,
    "confused_with": {
      "pay_less": 1,
      "pay": 1
    }
  },
  "challenge": {
    "precision": 0.75,
    "recall": 0.75,
    "f1-score": 0.75,
    "support": 4,
    "confused_with": {
      "out_of_scope": 1
    }
  },
  "out_of_scope": {
    "precision": 0.9090909090909091,
    "recall": 1.0,
    "f1-score": 0.9523809523809523,
    "support": 30,
    "confused_with": {}
  },
  "request_taxes": {
    "precision": 1.0,
    "recall": 1.0,
    "f1-score": 1.0,
    "support": 3,
    "confused_with": {}
  },
  "pay_less": {
    "precision": 0.3333333333333333,
    "recall": 0.5,
    "f1-score": 0.4,
    "support": 2,
    "confused_with": {
      "pay": 1
    }
  },
  "accuracy": 0.8490566037735849,
  "macro avg": {
    "precision": 0.6990530303030302,
    "recall": 0.65625,
    "f1-score": 0.6616071428571428,
    "support": 53
  },
  "weighted avg": {
    "precision": 0.8365923384791308,
    "recall": 0.8490566037735849,
    "f1-score": 0.8327044025157231,
    "support": 53
  },
  "micro avg": {
    "precision": 0.8490566037735849,
    "recall": 0.8490566037735849,
    "f1-score": 0.8490566037735849,
    "support": 53
  }
}