{
  "deny": {
    "precision": 0.6,
    "recall": 0.75,
    "f1-score": 0.6666666666666665,
    "support": 4,
    "confused_with": {
      "challenge": 1
    }
  },
  "greet": {
    "precision": 1.0,
    "recall": 0.75,
    "f1-score": 0.8571428571428571,
    "support": 4,
    "confused_with": {
      "out_of_scope": 1
    }
  },
  "pay": {
    "precision": 1.0,
    "recall": 0.75,
    "f1-score": 0.8571428571428571,
    "support": 4,
    "confused_with": {
      "request_taxes": 1
    }
  },
  "pay_more": {
    "precision": 1.0,
    "recall": 1.0,
    "f1-score": 1.0,
    "support": 2,
    "confused_with": {}
  },
  "challenge": {
    "precision": 0.5,
    "recall": 0.25,
    "f1-score": 0.3333333333333333,
    "support": 4,
    "confused_with": {
      "deny": 2,
      "pay_less": 1
    }
  },
  "out_of_scope": {
    "precision": 0.967741935483871,
    "recall": 1.0,
    "f1-score": 0.9836065573770492,
    "support": 30,
    "confused_with": {}
  },
  "request_taxes": {
    "precision": 0.75,
    "recall": 1.0,
    "f1-score": 0.8571428571428571,
    "support": 3,
    "confused_with": {}
  },
  "pay_less": {
    "precision": 0.6666666666666666,
    "recall": 1.0,
    "f1-score": 0.8,
    "support": 2,
    "confused_with": {}
  },
  "accuracy": 0.8867924528301887,
  "macro avg": {
    "precision": 0.8105510752688172,
    "recall": 0.8125,
    "f1-score": 0.7943793911007025,
    "support": 53
  },
  "weighted avg": {
    "precision": 0.8870866301481031,
    "recall": 0.8867924528301887,
    "f1-score": 0.8780522292430737,
    "support": 53
  },
  "micro avg": {
    "precision": 0.8867924528301887,
    "recall": 0.8867924528301887,
    "f1-score": 0.8867924528301887,
    "support": 53
  }
}