{
  "deny": {
    "precision": 0.6,
    "recall": 0.75,
    "f1-score": 0.6666666666666665,
    "support": 4,
    "confused_with": {
      "greet": 1
    }
  },
  "greet": {
    "precision": 0.5,
    "recall": 0.25,
    "f1-score": 0.3333333333333333,
    "support": 4,
    "confused_with": {
      "out_of_scope": 3
    }
  },
  "pay": {
    "precision": 0.3333333333333333,
    "recall": 0.25,
    "f1-score": 0.28571428571428575,
    "support": 4,
    "confused_with": {
      "pay_more": 1,
      "out_of_scope": 1
    }
  },
  "pay_more": {
    "precision": 0.0,
    "recall": 0.0,
    "f1-score": 0.0,
    "support": 2,
    "confused_with": {
      "pay": 1,
      "out_of_scope": 1
    }
  },
  "challenge": {
    "precision": 0.5,
    "recall": 0.25,
    "f1-score": 0.3333333333333333,
    "support": 4,
    "confused_with": {
      "out_of_scope": 3
    }
  },
  "out_of_scope": {
    "precision": 0.7777777777777778,
    "recall": 0.9333333333333333,
    "f1-score": 0.8484848484848485,
    "support": 30,
    "confused_with": {
      "deny": 2
    }
  },
  "request_taxes": {
    "precision": 1.0,
    "recall": 1.0,
    "f1-score": 1.0,
    "support": 3,
    "confused_with": {}
  },
  "pay_less": {
    "precision": 0.0,
    "recall": 0.0,
    "f1-score": 0.0,
    "support": 2,
    "confused_with": {
      "pay_more": 1,
      "pay": 1
    }
  },
  "accuracy": 0.6981132075471698,
  "macro avg": {
    "precision": 0.4638888888888889,
    "recall": 0.4291666666666667,
    "f1-score": 0.4334415584415584,
    "support": 53
  },
  "weighted avg": {
    "precision": 0.6427672955974842,
    "recall": 0.6981132075471698,
    "f1-score": 0.6590704892591686,
    "support": 53
  },
  "micro avg": {
    "precision": 0.6981132075471698,
    "recall": 0.6981132075471698,
    "f1-score": 0.6981132075471698,
    "support": 53
  }
}