{
  "deny": {
    "precision": 0.5,
    "recall": 0.75,
    "f1-score": 0.6,
    "support": 4,
    "confused_with": {
      "out_of_scope": 1
    }
  },
  "greet": {
    "precision": 1.0,
    "recall": 0.75,
    "f1-score": 0.8571428571428571,
    "support": 4,
    "confused_with": {
      "out_of_scope": 1
    }
  },
  "pay": {
    "precision": 0.6666666666666666,
    "recall": 1.0,
    "f1-score": 0.8,
    "support": 4,
    "confused_with": {}
  },
  "pay_more": {
    "precision": 0.0,
    "recall": 0.0,
    "f1-score": 0.0,
    "support": 2,
    "confused_with": {
      "pay": 1,
      "out_of_scope": 1
    }
  },
  "challenge": {
    "precision": 1.0,
    "recall": 0.5,
    "f1-score": 0.6666666666666666,
    "support": 4,
    "confused_with": {
      "deny": 2
    }
  },
  "out_of_scope": {
    "precision": 0.90625,
    "recall": 0.9666666666666667,
    "f1-score": 0.9354838709677419,
    "support": 30,
    "confused_with": {
      "deny": 1
    }
  },
  "request_taxes": {
    "precision": 1.0,
    "recall": 1.0,
    "f1-score": 1.0,
    "support": 3,
    "confused_with": {}
  },
  "pay_less": {
    "precision": 1.0,
    "recall": 0.5,
    "f1-score": 0.6666666666666666,
    "support": 2,
    "confused_with": {
      "pay": 1
    }
  },
  "accuracy": 0.8490566037735849,
  "macro avg": {
    "precision": 0.7591145833333333,
    "recall": 0.6833333333333333,
    "f1-score": 0.6907450076804915,
    "support": 53
  },
  "weighted avg": {
    "precision": 0.8463050314465408,
    "recall": 0.8490566037735849,
    "f1-score": 0.8319450482566733,
    "support": 53
  },
  "micro avg": {
    "precision": 0.8490566037735849,
    "recall": 0.8490566037735849,
    "f1-score": 0.8490566037735849,
    "support": 53
  }
}