{
  "deny": {
    "precision": 0.8,
    "recall": 1.0,
    "f1-score": 0.888888888888889,
    "support": 4,
    "confused_with": {}
  },
  "greet": {
    "precision": 1.0,
    "recall": 0.75,
    "f1-score": 0.8571428571428571,
    "support": 4,
    "confused_with": {
      "out_of_scope": 1
    }
  },
  "pay": {
    "precision": 0.5714285714285714,
    "recall": 1.0,
    "f1-score": 0.7272727272727273,
    "support": 4,
    "confused_with": {}
  },
  "pay_more": {
    "precision": 0.0,
    "recall": 0.0,
    "f1-score": 0.0,
    "support": 2,
    "confused_with": {
      "pay": 2
    }
  },
  "challenge": {
    "precision": 0.0,
    "recall": 0.0,
    "f1-score": 0.0,
    "support": 4,
    "confused_with": {
      "out_of_scope": 2,
      "pay_less": 1,
      "deny": 1
    }
  },
  "out_of_scope": {
    "precision": 0.9090909090909091,
    "recall": 1.0,
    "f1-score": 0.9523809523809523,
    "support": 30,
    "confused_with": {}
  },
  "request_taxes": {
    "precision": 1.0,
    "recall": 1.0,
    "f1-score": 1.0,
    "support": 3,
    "confused_with": {}
  },
  "pay_less": {
    "precision": 0.5,
    "recall": 0.5,
    "f1-score": 0.5,
    "support": 2,
    "confused_with": {
      "pay": 1
    }
  },
  "accuracy": 0.8490566037735849,
  "macro avg": {
    "precision": 0.597564935064935,
    "recall": 0.65625,
    "f1-score": 0.6157106782106783,
    "support": 53
  },
  "weighted avg": {
    "precision": 0.7690271992158785,
    "recall": 0.8490566037735849,
    "f1-score": 0.801219744615971,
    "support": 53
  },
  "micro avg": {
    "precision": 0.8490566037735849,
    "recall": 0.8490566037735849,
    "f1-score": 0.8490566037735849,
    "support": 53
  }
}