{
  "deny": {
    "precision": 0.5,
    "recall": 0.25,
    "f1-score": 0.3333333333333333,
    "support": 4,
    "confused_with": {
      "challenge": 2,
      "out_of_scope": 1
    }
  },
  "greet": {
    "precision": 1.0,
    "recall": 0.5,
    "f1-score": 0.6666666666666666,
    "support": 4,
    "confused_with": {
      "out_of_scope": 2
    }
  },
  "pay": {
    "precision": 0.5,
    "recall": 0.5,
    "f1-score": 0.5,
    "support": 4,
    "confused_with": {
      "out_of_scope": 2
    }
  },
  "pay_more": {
    "precision": 0.0,
    "recall": 0.0,
    "f1-score": 0.0,
    "support": 2,
    "confused_with": {
      "pay": 1,
      "out_of_scope": 1
    }
  },
  "challenge": {
    "precision": 0.2,
    "recall": 0.25,
    "f1-score": 0.22222222222222224,
    "support": 4,
    "confused_with": {
      "out_of_scope": 3
    }
  },
  "out_of_scope": {
    "precision": 0.7567567567567568,
    "recall": 0.9333333333333333,
    "f1-score": 0.835820895522388,
    "support": 30,
    "confused_with": {
      "deny": 1,
      "challenge": 1
    }
  },
  "request_taxes": {
    "precision": 1.0,
    "recall": 0.6666666666666666,
    "f1-score": 0.8,
    "support": 3,
    "confused_with": {
      "challenge": 1
    }
  },
  "pay_less": {
    "precision": 0.0,
    "recall": 0.0,
    "f1-score": 0.0,
    "support": 2,
    "confused_with": {
      "pay_more": 1,
      "pay": 1
    }
  },
  "accuracy": 0.6792452830188679,
  "macro avg": {
    "precision": 0.4945945945945946,
    "recall": 0.3875,
    "f1-score": 0.4197553897180763,
    "support": 53
  },
  "weighted avg": {
    "precision": 0.6509943906170322,
    "recall": 0.6792452830188679,
    "f1-score": 0.648368221784161,
    "support": 53
  },
  "micro avg": {
    "precision": 0.6792452830188679,
    "recall": 0.6792452830188679,
    "f1-score": 0.6792452830188679,
    "support": 53
  }
}