{
  "deny": {
    "precision": 1.0,
    "recall": 1.0,
    "f1-score": 1.0,
    "support": 4,
    "confused_with": {}
  },
  "greet": {
    "precision": 0.8,
    "recall": 1.0,
    "f1-score": 0.888888888888889,
    "support": 4,
    "confused_with": {}
  },
  "pay": {
    "precision": 1.0,
    "recall": 1.0,
    "f1-score": 1.0,
    "support": 4,
    "confused_with": {}
  },
  "pay_more": {
    "precision": 1.0,
    "recall": 1.0,
    "f1-score": 1.0,
    "support": 2,
    "confused_with": {}
  },
  "challenge": {
    "precision": 1.0,
    "recall": 1.0,
    "f1-score": 1.0,
    "support": 4,
    "confused_with": {}
  },
  "out_of_scope": {
    "precision": 1.0,
    "recall": 0.9333333333333333,
    "f1-score": 0.9655172413793104,
    "support": 30,
    "confused_with": {
      "request_taxes": 1,
      "greet": 1
    }
  },
  "request_taxes": {
    "precision": 0.75,
    "recall": 1.0,
    "f1-score": 0.8571428571428571,
    "support": 3,
    "confused_with": {}
  },
  "pay_less": {
    "precision": 1.0,
    "recall": 1.0,
    "f1-score": 1.0,
    "support": 2,
    "confused_with": {}
  },
  "accuracy": 0.9622641509433962,
  "macro avg": {
    "precision": 0.94375,
    "recall": 0.9916666666666667,
    "f1-score": 0.9639436234263821,
    "support": 53
  },
  "weighted avg": {
    "precision": 0.9707547169811321,
    "recall": 0.9622641509433962,
    "f1-score": 0.9640094597804423,
    "support": 53
  },
  "micro avg": {
    "precision": 0.9622641509433962,
    "recall": 0.9622641509433962,
    "f1-score": 0.9622641509433962,
    "support": 53
  }
}